update,stage,total_env_steps,rolling40_win_rate,n_window,conversion,death_rate,source_file
6,0,18432,0.0,1,,1.0,policy_update5
88,1,254976,,0,,,curriculum_advance_u87_s0_to_1
101,1,288192,0.8947368421052632,19,0.9444444444444444,0.0,policy_update100
114,2,318144,,0,,,curriculum_advance_u113_s1_to_2
140,3,378240,,0,,,curriculum_advance_u139_s2_to_3
201,3,521088,0.675,40,0.775,0.0,policy_update200
209,4,537216,,0,,,curriculum_advance_u208_s3_to_4
220,5,562560,,0,,,curriculum_advance_u219_s4_to_5
232,6,590208,,0,,,curriculum_advance_u231_s5_to_6
242,7,613248,,0,,,curriculum_advance_u241_s6_to_7
252,8,636288,,0,,,curriculum_advance_u251_s7_to_8
261,9,657024,,0,,,curriculum_advance_u260_s8_to_9
270,10,677760,,0,,,curriculum_advance_u269_s9_to_10
280,11,700800,,0,,,curriculum_advance_u279_s10_to_11
297,12,739968,,0,,,curriculum_advance_u296_s11_to_12
301,12,751488,0.8,15,0.9230769230769231,0.0,policy_update300
399,13,974976,,0,,,curriculum_advance_u398_s12_to_13
401,13,981888,0.7777777777777778,9,1.0,0.0,policy_update400
426,14,1037184,,0,,,curriculum_advance_u425_s13_to_14
450,15,1092480,,0,,,curriculum_advance_u449_s14_to_15
464,16,1124736,,0,,,curriculum_advance_u463_s15_to_16
495,17,1284480,,0,,,curriculum_advance_u494_s16_to_17
521,18,1431168,,0,,,curriculum_advance_u520_s17_to_18
550,19,1590144,,0,,,curriculum_advance_u549_s18_to_19
576,20,1736832,,0,,,curriculum_advance_u575_s19_to_20
601,20,1877376,,0,,,policy_update600
607,21,1908096,,0,,,curriculum_advance_u606_s20_to_21
656,22,2216832,,0,,,curriculum_advance_u655_s21_to_22
682,14,2376192,,0,,,curriculum_advance_u681_s13_to_14
687,15,2414592,,0,,,curriculum_advance_u686_s14_to_15
693,16,2460672,,0,,,curriculum_advance_u692_s15_to_16
701,16,2529792,0.25,40,0.5,0.425,policy_update700
801,16,3297792,0.725,40,0.825,0.1,policy_update800
819,17,3428352,,0,,,curriculum_advance_u818_s16_to_17
828,18,3497472,,0,,,curriculum_advance_u827_s17_to_18
840,19,3589632,,0,,,curriculum_advance_u839_s18_to_19
901,19,4065792,0.575,40,0.925,0.35,policy_update900
954,20,4465152,,0,,,curriculum_advance_u953_s19_to_20
1001,20,4833792,0.55,40,0.875,0.3,policy_update1000
1064,21,5309952,,0,,,curriculum_advance_u1063_s20_to_21
1083,20,5455872,,0,,,curriculum_demote_u1082_s21_to_20
1101,20,5601792,0.325,40,1.0,0.6,policy_update1100
1153,22,5993472,,0,,,curriculum_advance_u1152_s21_to_22
1167,23,6100992,,0,,,curriculum_advance_u1166_s22_to_23
1201,23,6369792,0.4,40,0.875,0.375,policy_update1200
1301,23,7137792,0.525,40,0.8,0.4,policy_update1300
1306,24,7168512,,0,,,curriculum_advance_u1305_s23_to_24
1401,24,7905792,0.375,40,0.75,0.475,policy_update1400
1501,24,8673792,0.2,40,0.675,0.625,policy_update1500
1601,24,9441792,0.125,40,0.575,0.5,policy_update1600
1701,24,10209792,0.225,40,0.875,0.6,policy_update1700
1780,23,10808832,,0,,,curriculum_demote_u1779_s24_to_23
1801,23,10977792,0.15,40,0.6410256410256411,0.675,policy_update1800
1901,23,11745792,0.2,40,0.625,0.475,policy_update1900
2001,23,12513792,0.25,40,0.425,0.425,policy_update2000
2101,23,13281792,0.175,40,0.525,0.525,policy_update2100
2201,23,14049792,0.175,40,0.575,0.525,policy_update2200
2301,23,14817792,0.225,40,0.55,0.45,policy_update2300
2326,23,15009792,0.3,40,0.65,0.475,policy_update2325
2351,23,15201792,0.2,40,0.675,0.65,policy_update2350
2376,23,15393792,0.225,40,0.675,0.425,policy_update2375
2401,23,15585792,0.3,40,0.675,0.4,policy_update2400
2426,23,15777792,0.275,40,0.775,0.425,policy_update2425
2451,23,15969792,0.4,40,0.825,0.425,policy_update2450
2476,23,16161792,0.25,40,0.65,0.425,policy_update2475
2486,23,16238592,0.425,40,0.825,0.4,policy_update2485
2491,23,16276992,0.425,40,0.825,0.4,policy_update2490
2496,23,16315392,0.35,40,0.825,0.55,policy_update2495
2501,23,16353792,0.25,40,0.825,0.625,policy_update2500
2506,23,16392192,0.45,40,0.9,0.4,policy_update2505
2511,23,16430592,0.375,40,0.875,0.45,policy_update2510
2514,24,16445952,,0,,,curriculum_advance_u2513_s23_to_24
2516,24,16468992,0.12903225806451613,31,0.26666666666666666,0.16129032258064516,policy_update2515
2521,24,16507392,0.3,40,0.52,0.4,policy_update2520
2526,24,16545792,0.35,40,0.625,0.4,policy_update2525
2531,24,16584192,0.25,40,0.675,0.275,policy_update2530
2536,25,16614912,,0,,,curriculum_advance_u2535_s24_to_25
2541,25,16660992,0.34285714285714286,35,0.6666666666666666,0.37142857142857144,policy_update2540
2546,25,16699392,0.15,40,0.47368421052631576,0.325,policy_update2545
2551,25,16737792,0.4,40,0.55,0.4,policy_update2550
2553,26,16745472,,0,,,curriculum_advance_u2552_s25_to_26
2556,26,16776192,0.375,24,0.9,0.4166666666666667,policy_update2555
2561,26,16814592,0.35,40,0.6774193548387096,0.275,latest
